{"0.1": {"dt_metrics_dict": {"acc": 0.8175989387574618, "auc": 0.754477594422666}, "dtp_metrics_dict": {"acc": 0.8487729383152774, "auc": 0.7410222503905752}, "nn_metrics_dict": {"acc": 0.8023435772717223, "auc": 0.6489872433876095}, "nn50_metrics_dict": {"acc": 0.8023435772717223, "auc": 0.6489872433876095}, "nn100_metrics_dict": {"acc": 0.8023435772717223, "auc": 0.6489872433876095}, "nn200_metrics_dict": {"acc": 0.8023435772717223, "auc": 0.6489872433876095}, "nn500_metrics_dict": {"acc": 0.8023435772717223, "auc": 0.6489872433876095}, "nn750_metrics_dict": {"acc": 0.8023435772717223, "auc": 0.6489872433876095}, "opt_nn_metrics_dict": {"acc": 0.7946053504311298, "auc": 0.6252372792500958}, "ab_metrics_dict": {"acc": 0.8611541012602255, "auc": 0.7749495969056542}, "ab50_metrics_dict": {"acc": 0.8611541012602255, "auc": 0.7749495969056542}, "ab100_metrics_dict": {"acc": 0.8688923281008181, "auc": 0.7922070165280418}, "ab200_metrics_dict": {"acc": 0.869334512491709, "auc": 0.7930919722802542}, "ab300_metrics_dict": {"acc": 0.8713243422507185, "auc": 0.7970742731652101}, "ab400_metrics_dict": {"acc": 0.8722087110325005, "auc": 0.7988441846696347}, "ab500_metrics_dict": {"acc": 0.8728719876188371, "auc": 0.8001716182979534}, "svm_metrics_dict": {"acc": 0.7501658191465841, "auc": 0.5}, "svm50_metrics_dict": {"acc": 0.4070307318151669, "auc": 0.502074286206114}, "svm100_metrics_dict": {"acc": 0.39708158302011937, "auc": 0.5119694634189599}, "svm200_metrics_dict": {"acc": 0.41742206500110546, "auc": 0.5036882284975053}, "svm500_metrics_dict": {"acc": 0.39199646252487286, "auc": 0.5133019829998774}, "svm750_metrics_dict": {"acc": 0.47689586557594515, "auc": 0.5270973034018502}, "svm_sigmoid_metrics_dict": {"acc": 0.6405040902056157, "auc": 0.5178039639132102}, "knn_metrics_dict": {"acc": 0.7755914216228167, "auc": 0.6420756946237569}, "opt_knn_metrics_dict": {"acc": 0.7886358611541012, "auc": 0.598829709266084}}, "0.2": {"dt_metrics_dict": {"acc": 0.8059701492537313, "auc": 0.7420467821128158}, "dtp_metrics_dict": {"acc": 0.8454394693200663, "auc": 0.7387020227064638}, "nn_metrics_dict": {"acc": 0.7889441680486456, "auc": 0.5929717240806918}, "nn50_metrics_dict": {"acc": 0.7889441680486456, "auc": 0.5929717240806918}, "nn100_metrics_dict": {"acc": 0.7889441680486456, "auc": 0.5929717240806918}, "nn200_metrics_dict": {"acc": 0.7889441680486456, "auc": 0.5929717240806918}, "nn500_metrics_dict": {"acc": 0.7889441680486456, "auc": 0.5929717240806918}, "nn750_metrics_dict": {"acc": 0.7889441680486456, "auc": 0.5929717240806918}, "opt_nn_metrics_dict": {"acc": 0.8021006080707573, "auc": 0.6293244372630584}, "ab_metrics_dict": {"acc": 0.8553897180762853, "auc": 0.771874394267545}, "ab50_metrics_dict": {"acc": 0.8553897180762853, "auc": 0.771874394267545}, "ab100_metrics_dict": {"acc": 0.8606965174129353, "auc": 0.7808022012021936}, "ab200_metrics_dict": {"acc": 0.8647871752349364, "auc": 0.7901227000552087}, "ab300_metrics_dict": {"acc": 0.8658927584300719, "auc": 0.7920576951463135}, "ab400_metrics_dict": {"acc": 0.8676616915422886, "auc": 0.7959340545478327}, "ab500_metrics_dict": {"acc": 0.8677722498618021, "auc": 0.7955572856777401}, "svm_metrics_dict": {"acc": 0.7526810392482034, "auc": 0.5}, "svm50_metrics_dict": {"acc": 0.439469320066335, "auc": 0.5234949337785045}, "svm100_metrics_dict": {"acc": 0.44013266998341627, "auc": 0.5183829786619334}, "svm200_metrics_dict": {"acc": 0.448424543946932, "auc": 0.5216401448872635}, "svm500_metrics_dict": {"acc": 0.4353786622443339, "auc": 0.5182263418303534}, "svm750_metrics_dict": {"acc": 0.4551686014372582, "auc": 0.5166657189443432}, "svm_sigmoid_metrics_dict": {"acc": 0.6385848535102266, "auc": 0.5130486261659611}, "knn_metrics_dict": {"acc": 0.7701492537313432, "auc": 0.6262579536446906}, "opt_knn_metrics_dict": {"acc": 0.7852957435046988, "auc": 0.5867963391565946}}}