{"0.1": {"dt_metrics_dict": {"acc": 0.961121157323689, "auc": 0.9606031766867944}, "dtp_metrics_dict": {"acc": 0.9593128390596745, "auc": 0.9587883959044369}, "nn_metrics_dict": {"acc": 0.9556962025316456, "auc": 0.9562417957469153}, "nn50_metrics_dict": {"acc": 0.9367088607594937, "auc": 0.9365909687582042}, "nn100_metrics_dict": {"acc": 0.9547920433996383, "auc": 0.9543055920189026}, "nn200_metrics_dict": {"acc": 0.9556962025316456, "auc": 0.9562417957469153}, "nn500_metrics_dict": {"acc": 0.9584086799276673, "auc": 0.9569604883171436}, "nn750_metrics_dict": {"acc": 0.9584086799276673, "auc": 0.9569604883171436}, "opt_nn_metrics_dict": {"acc": 0.9556962025316456, "auc": 0.9562417957469153}, "ab_metrics_dict": {"acc": 0.9285714285714286, "auc": 0.9273956419007613}, "ab50_metrics_dict": {"acc": 0.9285714285714286, "auc": 0.9273956419007613}, "ab100_metrics_dict": {"acc": 0.9276672694394213, "auc": 0.9267589918613809}, "ab200_metrics_dict": {"acc": 0.9276672694394213, "auc": 0.9268672880021003}, "ab300_metrics_dict": {"acc": 0.9285714285714286, "auc": 0.9278288264636388}, "ab400_metrics_dict": {"acc": 0.9285714285714286, "auc": 0.9278288264636388}, "ab500_metrics_dict": {"acc": 0.9285714285714286, "auc": 0.9278288264636388}, "svm_metrics_dict": {"acc": 0.9448462929475587, "auc": 0.9435120766605408}, "svm50_metrics_dict": {"acc": 0.759493670886076, "auc": 0.767731031766868}, "svm100_metrics_dict": {"acc": 0.6726943942133815, "auc": 0.6860363612496718}, "svm200_metrics_dict": {"acc": 0.6338155515370705, "auc": 0.64100813861906}, "svm500_metrics_dict": {"acc": 0.9367088607594937, "auc": 0.9341001575216591}, "svm750_metrics_dict": {"acc": 0.9484629294755877, "auc": 0.9470333420845366}, "svm_sigmoid_metrics_dict": {"acc": 0.38788426763110306, "auc": 0.3832600420057758}, "knn_metrics_dict": {"acc": 0.9448462929475587, "auc": 0.9437286689419796}, "opt_knn_metrics_dict": {"acc": 0.9584086799276673, "auc": 0.9581517458650565}}, "0.2": {"dt_metrics_dict": {"acc": 0.95838986883763, "auc": 0.9579481665596112}, "dtp_metrics_dict": {"acc": 0.9611035730438715, "auc": 0.9605597985277279}, "nn_metrics_dict": {"acc": 0.9561284486657621, "auc": 0.9564938830560571}, "nn50_metrics_dict": {"acc": 0.9366802351876978, "auc": 0.9353108741471845}, "nn100_metrics_dict": {"acc": 0.9502487562189055, "auc": 0.9497194107626015}, "nn200_metrics_dict": {"acc": 0.9561284486657621, "auc": 0.9564938830560571}, "nn500_metrics_dict": {"acc": 0.9642695612844867, "auc": 0.9637661219708931}, "nn750_metrics_dict": {"acc": 0.9642695612844867, "auc": 0.9637661219708931}, "opt_nn_metrics_dict": {"acc": 0.9561284486657621, "auc": 0.9564938830560571}, "ab_metrics_dict": {"acc": 0.9308005427408412, "auc": 0.9294929187359027}, "ab50_metrics_dict": {"acc": 0.9308005427408412, "auc": 0.9294929187359027}, "ab100_metrics_dict": {"acc": 0.9308005427408412, "auc": 0.9294366530369514}, "ab200_metrics_dict": {"acc": 0.932157394843962, "auc": 0.9308831332683882}, "ab300_metrics_dict": {"acc": 0.932157394843962, "auc": 0.9308831332683882}, "ab400_metrics_dict": {"acc": 0.9317051108095884, "auc": 0.930457238890194}, "ab500_metrics_dict": {"acc": 0.9317051108095884, "auc": 0.930457238890194}, "svm_metrics_dict": {"acc": 0.9461781999095432, "auc": 0.9449298444766797}, "svm50_metrics_dict": {"acc": 0.8055178652193578, "auc": 0.813039349847795}, "svm100_metrics_dict": {"acc": 0.8507462686567164, "auc": 0.8531530969133541}, "svm200_metrics_dict": {"acc": 0.6897331524197196, "auc": 0.6938262975198737}, "svm500_metrics_dict": {"acc": 0.9493441881501583, "auc": 0.948023636521942}, "svm750_metrics_dict": {"acc": 0.9466304839439168, "auc": 0.9452994731559226}, "svm_sigmoid_metrics_dict": {"acc": 0.3894165535956581, "auc": 0.3847563489886139}, "knn_metrics_dict": {"acc": 0.9511533242876526, "auc": 0.9500648082284272}, "opt_knn_metrics_dict": {"acc": 0.9597467209407508, "auc": 0.9588882555004854}}}