{
    "census": {
        "acc": 0.8553897180762853
    },
    "phishing": {
        "acc": 0.9308005427408412
    }
}