{
    "census": {
        "acc": 0.8033167495854063
    },
    "phishing": {
        "acc": 0.9611035730438715
    }
}