{
    "census": {
        "1": {
            "acc": 0.7526810392482034
        },
        "3": {
            "acc": 0.8327252625760089
        },
        "5": {
            "acc": 0.8430071862907684
        },
        "10": {
            "acc": 0.8448866777224986
        },
        "20": {
            "acc": 0.825649530127142
        },
        "50": {
            "acc": 0.8082918739635158
        },
        "100": {
            "acc": 0.8066334991708126
        }
    },
    "phishing": {
        "1": {
            "acc": 0.8869289914066033
        },
        "3": {
            "acc": 0.9050203527815468
        },
        "5": {
            "acc": 0.9176843057440073
        },
        "10": {
            "acc": 0.9434644957033017
        },
        "20": {
            "acc": 0.9592944369063772
        },
        "50": {
            "acc": 0.9597467209407508
        },
        "100": {
            "acc": 0.9601990049751243
        }
    }
}