{
    "census": {
        "1": {
            "acc": 0.719624101713654
        },
        "2": {
            "acc": 0.7718076285240464
        },
        "3": {
            "acc": 0.7535655058043118
        },
        "4": {
            "acc": 0.7767827529021559
        },
        "5": {
            "acc": 0.7701492537313432
        },
        "6": {
            "acc": 0.7818684355997789
        },
        "7": {
            "acc": 0.7791044776119403
        },
        "8": {
            "acc": 0.7839690436705362
        },
        "9": {
            "acc": 0.7822001105583195
        },
        "10": {
            "acc": 0.7867330016583748
        },
        "11": {
            "acc": 0.7849640685461581
        },
        "12": {
            "acc": 0.7848535102266445
        },
        "13": {
            "acc": 0.7872857932559425
        },
        "14": {
            "acc": 0.7852957435046988
        },
        "15": {
            "acc": 0.7857379767827529
        },
        "16": {
            "acc": 0.7843007186290768
        },
        "17": {
            "acc": 0.7841901603095633
        },
        "18": {
            "acc": 0.7857379767827529
        },
        "19": {
            "acc": 0.7847429519071311
        },
        "20": {
            "acc": 0.7839690436705362
        },
        "21": {
            "acc": 0.7843007186290768
        },
        "22": {
            "acc": 0.7827529021558872
        },
        "23": {
            "acc": 0.7829740187949144
        },
        "24": {
            "acc": 0.7824212271973466
        },
        "25": {
            "acc": 0.7823106688778331
        },
        "26": {
            "acc": 0.7804311774461028
        },
        "27": {
            "acc": 0.7818684355997789
        },
        "28": {
            "acc": 0.7798783858485351
        },
        "29": {
            "acc": 0.7815367606412382
        },
        "30": {
            "acc": 0.7778883360972914
        },
        "31": {
            "acc": 0.7788833609729132
        },
        "32": {
            "acc": 0.7768933112216694
        },
        "33": {
            "acc": 0.7772249861802101
        },
        "34": {
            "acc": 0.7742399115533444
        },
        "35": {
            "acc": 0.7751243781094528
        },
        "36": {
            "acc": 0.7712548369264787
        },
        "37": {
            "acc": 0.7724709784411277
        },
        "38": {
            "acc": 0.7701492537313432
        },
        "39": {
            "acc": 0.7711442786069652
        },
        "40": {
            "acc": 0.7689331122166944
        },
        "41": {
            "acc": 0.7695964621337755
        },
        "42": {
            "acc": 0.7677169707020454
        },
        "43": {
            "acc": 0.7683803206191266
        },
        "44": {
            "acc": 0.7660585959093422
        },
        "45": {
            "acc": 0.7667219458264234
        },
        "46": {
            "acc": 0.7644002211166391
        },
        "47": {
            "acc": 0.7655058043117745
        },
        "48": {
            "acc": 0.7627418463239358
        },
        "49": {
            "acc": 0.7636263128800442
        },
        "50": {
            "acc": 0.760530679933665
        }
    },
    "phishing": {
        "1": {
            "acc": 0.9574853007688828
        },
        "2": {
            "acc": 0.9461781999095432
        },
        "3": {
            "acc": 0.9430122116689281
        },
        "4": {
            "acc": 0.9425599276345545
        },
        "5": {
            "acc": 0.939846223428313
        },
        "6": {
            "acc": 0.9366802351876978
        },
        "7": {
            "acc": 0.937584803256445
        },
        "8": {
            "acc": 0.9371325192220714
        },
        "9": {
            "acc": 0.9326096788783356
        },
        "10": {
            "acc": 0.9317051108095884
        },
        "11": {
            "acc": 0.932157394843962
        },
        "12": {
            "acc": 0.9353233830845771
        },
        "13": {
            "acc": 0.932157394843962
        },
        "14": {
            "acc": 0.9335142469470827
        },
        "15": {
            "acc": 0.9335142469470827
        },
        "16": {
            "acc": 0.9335142469470827
        },
        "17": {
            "acc": 0.9280868385345997
        },
        "18": {
            "acc": 0.9231117141564903
        },
        "19": {
            "acc": 0.9235639981908639
        },
        "20": {
            "acc": 0.9235639981908639
        },
        "21": {
            "acc": 0.9194934418815016
        },
        "22": {
            "acc": 0.921302578018996
        },
        "23": {
            "acc": 0.919041157847128
        },
        "24": {
            "acc": 0.9176843057440073
        },
        "25": {
            "acc": 0.919041157847128
        },
        "26": {
            "acc": 0.921302578018996
        },
        "27": {
            "acc": 0.9176843057440073
        },
        "28": {
            "acc": 0.919041157847128
        },
        "29": {
            "acc": 0.9208502939846224
        },
        "30": {
            "acc": 0.9176843057440073
        },
        "31": {
            "acc": 0.9167797376752601
        },
        "32": {
            "acc": 0.919041157847128
        },
        "33": {
            "acc": 0.9194934418815016
        },
        "34": {
            "acc": 0.9176843057440073
        },
        "35": {
            "acc": 0.9181365897783809
        },
        "36": {
            "acc": 0.9163274536408865
        },
        "37": {
            "acc": 0.9158751696065129
        },
        "38": {
            "acc": 0.9154228855721394
        },
        "39": {
            "acc": 0.9167797376752601
        },
        "40": {
            "acc": 0.9172320217096337
        },
        "41": {
            "acc": 0.9167797376752601
        },
        "42": {
            "acc": 0.9158751696065129
        },
        "43": {
            "acc": 0.9163274536408865
        },
        "44": {
            "acc": 0.9176843057440073
        },
        "45": {
            "acc": 0.9185888738127544
        },
        "46": {
            "acc": 0.9176843057440073
        },
        "47": {
            "acc": 0.9176843057440073
        },
        "48": {
            "acc": 0.9181365897783809
        },
        "49": {
            "acc": 0.9176843057440073
        },
        "50": {
            "acc": 0.9185888738127544
        }
    }
}