{
    "census": {
        "acc": 0.7701492537313432
    },
    "phishing": {
        "acc": 0.939846223428313
    }
}