{
    "census": {
        "acc": 0.7889441680486456
    },
    "phishing": {
        "acc": 0.9615558570782451
    }
}