{
    "1": {
        "acc": 0.5970149253731343
    },
    "2": {
        "acc": 0.6381727725011307
    },
    "3": {
        "acc": 0.710085933966531
    },
    "4": {
        "acc": 0.7069199457259159
    },
    "5": {
        "acc": 0.7191316146540027
    },
    "6": {
        "acc": 0.7299864314789688
    },
    "7": {
        "acc": 0.7336047037539575
    },
    "8": {
        "acc": 0.730890999547716
    },
    "9": {
        "acc": 0.736318407960199
    },
    "10": {
        "acc": 0.7322478516508367
    },
    "11": {
        "acc": 0.7304387155133424
    },
    "12": {
        "acc": 0.7327001356852103
    },
    "13": {
        "acc": 0.7295341474445952
    },
    "14": {
        "acc": 0.7304387155133424
    },
    "15": {
        "acc": 0.7236544549977386
    },
    "16": {
        "acc": 0.7263681592039801
    },
    "17": {
        "acc": 0.7259158751696065
    },
    "18": {
        "acc": 0.7245590230664858
    },
    "19": {
        "acc": 0.683853459972863
    },
    "20": {
        "acc": 0.7245590230664858
    },
    "21": {
        "acc": 0.6874717322478516
    },
    "22": {
        "acc": 0.6847580280416101
    },
    "23": {
        "acc": 0.6888285843509724
    },
    "24": {
        "acc": 0.6856625961103573
    },
    "25": {
        "acc": 0.6775214834916328
    },
    "26": {
        "acc": 0.6775214834916328
    },
    "27": {
        "acc": 0.6806874717322479
    },
    "28": {
        "acc": 0.683853459972863
    },
    "29": {
        "acc": 0.6770691994572592
    },
    "30": {
        "acc": 0.7295341474445952
    },
    "31": {
        "acc": 0.7164179104477612
    },
    "32": {
        "acc": 0.723202170963365
    },
    "33": {
        "acc": 0.7227498869289914
    },
    "34": {
        "acc": 0.7204884667571235
    },
    "35": {
        "acc": 0.6775214834916328
    },
    "36": {
        "acc": 0.6788783355947535
    },
    "37": {
        "acc": 0.6820443238353686
    },
    "38": {
        "acc": 0.6802351876978743
    },
    "39": {
        "acc": 0.6734509271822705
    },
    "40": {
        "acc": 0.6793306196291271
    },
    "41": {
        "acc": 0.6793306196291271
    },
    "42": {
        "acc": 0.7191316146540027
    },
    "43": {
        "acc": 0.7195838986883764
    },
    "44": {
        "acc": 0.7191316146540027
    },
    "45": {
        "acc": 0.7168701944821347
    },
    "46": {
        "acc": 0.7191316146540027
    },
    "47": {
        "acc": 0.7218453188602443
    },
    "48": {
        "acc": 0.7177747625508819
    },
    "49": {
        "acc": 0.7186793306196291
    },
    "50": {
        "acc": 0.7195838986883764
    }
}