{
    "1": {
        "acc": 0.5431931252826775
    },
    "2": {
        "acc": 0.48801447308909995
    },
    "3": {
        "acc": 0.5251017639077341
    },
    "4": {
        "acc": 0.5269109000452284
    },
    "5": {
        "acc": 0.5309814563545907
    },
    "6": {
        "acc": 0.5309814563545907
    },
    "7": {
        "acc": 0.5305291723202171
    },
    "8": {
        "acc": 0.5309814563545907
    },
    "9": {
        "acc": 0.5463591135232926
    },
    "10": {
        "acc": 0.5422885572139303
    },
    "11": {
        "acc": 0.5463591135232926
    },
    "12": {
        "acc": 0.5585707824513795
    },
    "13": {
        "acc": 0.5418362731795567
    },
    "14": {
        "acc": 0.561284486657621
    },
    "15": {
        "acc": 0.5608322026232474
    },
    "16": {
        "acc": 0.5608322026232474
    },
    "17": {
        "acc": 0.5608322026232474
    },
    "18": {
        "acc": 0.5608322026232474
    },
    "19": {
        "acc": 0.5608322026232474
    },
    "20": {
        "acc": 0.5608322026232474
    },
    "21": {
        "acc": 0.5608322026232474
    },
    "22": {
        "acc": 0.5608322026232474
    },
    "23": {
        "acc": 0.5649027589326097
    },
    "24": {
        "acc": 0.5608322026232474
    },
    "25": {
        "acc": 0.5608322026232474
    },
    "26": {
        "acc": 0.5454545454545454
    },
    "27": {
        "acc": 0.5608322026232474
    },
    "28": {
        "acc": 0.5454545454545454
    },
    "29": {
        "acc": 0.5644504748982361
    },
    "30": {
        "acc": 0.5495251017639078
    },
    "31": {
        "acc": 0.5495251017639078
    },
    "32": {
        "acc": 0.5495251017639078
    },
    "33": {
        "acc": 0.5495251017639078
    },
    "34": {
        "acc": 0.5454545454545454
    },
    "35": {
        "acc": 0.5495251017639078
    },
    "36": {
        "acc": 0.5495251017639078
    },
    "37": {
        "acc": 0.5495251017639078
    },
    "38": {
        "acc": 0.5495251017639078
    },
    "39": {
        "acc": 0.5332428765264586
    },
    "40": {
        "acc": 0.5291723202170964
    },
    "41": {
        "acc": 0.5291723202170964
    },
    "42": {
        "acc": 0.52962460425147
    },
    "43": {
        "acc": 0.5291723202170964
    },
    "44": {
        "acc": 0.52962460425147
    },
    "45": {
        "acc": 0.5291723202170964
    },
    "46": {
        "acc": 0.52962460425147
    },
    "47": {
        "acc": 0.52962460425147
    },
    "48": {
        "acc": 0.52962460425147
    },
    "49": {
        "acc": 0.52962460425147
    },
    "50": {
        "acc": 0.52962460425147
    }
}