{
    "census": {
        "rbf": 0.7526810392482034,
        "sigmoid": 0.6385848535102266
    },
    "phishing": {
        "rbf": 0.9393939393939394,
        "sigmoid": 0.8312980551786522
    }
}