{
    "census": {
        "0.15": {
            "adaboost": {
                "acc": 0.8553897180762853
            },
            "dt": {
                "acc": 0.8046434494195688
            },
            "nn": {
                "acc": 0.7889441680486456
            },
            "svm": {
                "acc": 0.7526810392482034
            }
        },
        "0.25": {
            "adaboost": {
                "acc": 0.8553897180762853
            },
            "dt": {
                "acc": 0.8068546158098396
            },
            "nn": {
                "acc": 0.7889441680486456
            },
            "svm": {
                "acc": 0.7526810392482034
            }
        }
    },
    "phishing": {
        "0.15": {
            "adaboost": {
                "acc": 0.9308005427408412
            },
            "dt": {
                "acc": 0.9592944369063772
            },
            "nn": {
                "acc": 0.9615558570782451
            },
            "svm": {
                "acc": 0.9393939393939394
            }
        },
        "0.25": {
            "adaboost": {
                "acc": 0.9308005427408412
            },
            "dt": {
                "acc": 0.9601990049751243
            },
            "nn": {
                "acc": 0.9615558570782451
            },
            "svm": {
                "acc": 0.9393939393939394
            }
        }
    }
}